{"initial_reset_timestamp": 1657461266.365603, "timestamps": [1657461269.002047], "episode_lengths": [442], "episode_rewards": [17.0], "episode_types": ["t"]}